elapsed_s,mode,latency_ms,cpu_temp_c,throttled,rss_mb
0.3,currency_mode_full,252.56,71.05,0x0,1473.200128
0.8,taka_yolo_pt,501.87,71.6,0x0,1483.866112
1.4,taka_yolo_onnx_fp32,588.99,72.15,0x0,1460.125696
1.9,taka_yolo_onnx_int8,546.93,72.7,0x0,1466.171392
2.3,watermark_int8_sift,434.96,68.85,0x0,1467.67872
2.4,watermark_int8_localizer,73.8,70.5,0x0,1469.415424
2.5,jaal_check_qduig,96.3,69.95,0x0,1471.217664
2.6,prmvt_1view,51.36,69.4,0x0,1472.413696
2.7,prmvt_2view,74.68,70.5,0x0,1473.921024
2.7,prmvt_3view,83.3,69.95,0x0,1473.00352
2.8,prmvt_4view,67.47,69.4,0x0,1478.672384
2.9,prmvt_5view,95.26,69.95,0x0,1477.34528
3.0,prmvt_6view,83.74,69.95,0x0,1481.080832
21.2,ocr_mode,18248.9,73.25,0x0,1502.8224
21.3,emotion,47.11,71.6,0x0,1502.8224
21.6,currency_mode_full,347.55,73.8,0x0,1502.068736
22.1,taka_yolo_pt,495.97,73.25,0x0,1507.426304
22.7,taka_yolo_onnx_fp32,560.03,74.9,0x0,1481.801728
23.0,taka_yolo_onnx_int8,300.1,73.8,0x0,1486.716928
23.4,watermark_int8_sift,329.51,70.5,0x0,1482.58816
23.5,watermark_int8_localizer,58.22,72.15,0x0,1483.685888
23.6,jaal_check_qduig,77.44,71.05,0x0,1484.095488
23.6,prmvt_1view,33.06,71.05,0x0,1484.128256
23.7,prmvt_2view,47.96,70.5,0x0,1479.72096
23.7,prmvt_3view,63.96,70.5,0x0,1479.96672
23.8,prmvt_4view,62.64,71.05,0x0,1480.654848
23.9,prmvt_5view,69.31,70.5,0x0,1481.015296
24.0,prmvt_6view,94.53,70.5,0x0,1479.245824
42.6,ocr_mode,18610.35,72.7,0x0,1500.004352
42.6,emotion,49.37,71.6,0x0,1500.004352
43.1,currency_mode_full,441.92,72.15,0x0,1501.413376
43.6,taka_yolo_pt,468.06,72.7,0x0,1510.948864
44.1,taka_yolo_onnx_fp32,510.02,76.0,0x0,1483.210752
44.3,taka_yolo_onnx_int8,254.16,74.9,0x0,1488.125952
44.7,watermark_int8_sift,328.0,70.5,0x0,1483.767808
44.7,watermark_int8_localizer,52.76,71.6,0x0,1484.865536
44.8,jaal_check_qduig,90.54,71.6,0x0,1480.359936
44.9,prmvt_1view,46.71,71.6,0x0,1480.359936
44.9,prmvt_2view,48.67,71.6,0x0,1480.704
45.0,prmvt_3view,63.61,71.6,0x0,1481.015296
45.0,prmvt_4view,63.6,72.15,0x0,1481.244672
45.1,prmvt_5view,80.57,71.6,0x0,1481.44128
45.2,prmvt_6view,85.84,71.05,0x0,1481.27744
63.7,ocr_mode,18509.8,71.6,0x0,1504.641024
63.8,emotion,46.92,71.6,0x0,1504.641024
64.0,currency_mode_full,260.06,74.35,0x0,1500.69248
64.5,taka_yolo_pt,486.13,73.8,0x0,1498.628096
65.0,taka_yolo_onnx_fp32,506.58,74.9,0x0,1482.91584
65.3,taka_yolo_onnx_int8,254.46,74.9,0x0,1487.847424
66.1,watermark_int8_sift,824.04,69.95,0x0,1483.73504
66.2,watermark_int8_localizer,54.94,71.6,0x0,1484.832768
66.3,jaal_check_qduig,78.43,71.6,0x0,1485.242368
66.3,prmvt_1view,34.22,71.05,0x0,1485.242368
66.4,prmvt_2view,51.97,71.6,0x0,1485.29152
66.4,prmvt_3view,54.9,71.6,0x0,1481.1136
66.5,prmvt_4view,71.84,70.5,0x0,1481.834496
66.6,prmvt_5view,75.58,69.95,0x0,1482.571776
66.7,prmvt_6view,82.91,71.6,0x0,1484.30848
85.1,ocr_mode,18492.15,74.35,0x0,1505.52576
85.2,emotion,48.02,74.35,0x0,1505.52576
85.5,currency_mode_full,250.41,74.9,0x0,1501.364224
85.9,taka_yolo_pt,491.31,73.8,0x0,1499.283456
86.5,taka_yolo_onnx_fp32,501.39,74.9,0x0,1484.259328
86.8,taka_yolo_onnx_int8,245.16,74.9,0x0,1489.174528
87.2,watermark_int8_sift,390.27,72.15,0x0,1485.04576
87.3,watermark_int8_localizer,64.55,72.7,0x0,1486.143488
87.3,jaal_check_qduig,70.34,71.6,0x0,1486.553088
87.4,prmvt_1view,59.98,71.6,0x0,1486.585856
87.5,prmvt_2view,69.9,71.6,0x0,1486.60224
87.6,prmvt_3view,76.02,71.05,0x0,1486.340096
87.6,prmvt_4view,84.97,71.05,0x0,1487.58528
87.8,prmvt_5view,110.84,71.05,0x0,1483.440128
87.9,prmvt_6view,117.2,71.6,0x0,1485.340672
106.5,ocr_mode,18589.46,74.35,0x0,1501.790208
106.5,emotion,48.05,74.35,0x0,1501.790208
106.9,currency_mode_full,335.09,72.7,0x0,1508.278272
107.4,taka_yolo_pt,531.85,72.7,0x0,1500.93824
107.9,taka_yolo_onnx_fp32,546.98,74.9,0x0,1484.71808
108.2,taka_yolo_onnx_int8,261.89,74.9,0x0,1489.63328
108.5,watermark_int8_sift,321.7,71.05,0x0,1485.275136
108.6,watermark_int8_localizer,55.99,72.7,0x0,1486.372864
108.7,jaal_check_qduig,86.75,71.05,0x0,1486.733312
108.7,prmvt_1view,32.6,71.6,0x0,1486.76608
108.8,prmvt_2view,51.14,72.15,0x0,1482.358784
108.8,prmvt_3view,55.53,71.6,0x0,1482.620928
108.9,prmvt_4view,67.66,72.15,0x0,1483.309056
109.0,prmvt_5view,97.17,71.6,0x0,1483.718656
109.1,prmvt_6view,91.64,71.6,0x0,1485.520896
127.7,ocr_mode,18615.03,73.25,0x0,1502.216192
127.8,emotion,50.65,72.7,0x0,1502.216192
128.2,currency_mode_full,411.4,72.7,0x0,1505.03424
128.7,taka_yolo_pt,491.99,73.8,0x0,1503.543296
129.2,taka_yolo_onnx_fp32,473.56,75.45,0x0,1485.881344
129.4,taka_yolo_onnx_int8,266.88,74.9,0x0,1490.796544
129.8,watermark_int8_sift,327.76,70.5,0x0,1486.4384
129.8,watermark_int8_localizer,54.88,73.25,0x0,1487.536128
129.9,jaal_check_qduig,100.13,72.15,0x0,1483.112448
130.0,prmvt_1view,32.97,72.7,0x0,1483.145216
130.0,prmvt_2view,47.61,72.15,0x0,1483.5712
130.1,prmvt_3view,72.58,71.05,0x0,1483.882496
130.2,prmvt_4view,87.41,71.05,0x0,1484.111872
130.3,prmvt_5view,82.94,71.6,0x0,1484.292096
130.4,prmvt_6view,125.14,71.6,0x0,1484.128256
149.2,ocr_mode,18773.07,73.8,0x0,1506.738176
149.2,emotion,47.27,72.15,0x0,1506.738176
149.5,currency_mode_full,253.57,74.9,0x0,1502.57664
149.9,taka_yolo_pt,471.35,73.8,0x0,1510.572032
150.5,taka_yolo_onnx_fp32,517.49,74.35,0x0,1484.783616
150.7,taka_yolo_onnx_int8,251.67,75.45,0x0,1489.698816
151.6,watermark_int8_sift,823.72,69.4,0x0,1485.357056
151.6,watermark_int8_localizer,56.43,72.15,0x0,1486.454784
151.7,jaal_check_qduig,76.91,72.15,0x0,1486.864384
151.7,prmvt_1view,32.37,71.6,0x0,1486.897152
151.8,prmvt_2view,57.57,71.6,0x0,1486.913536
151.8,prmvt_3view,60.51,71.6,0x0,1482.735616
151.9,prmvt_4view,74.8,71.6,0x0,1483.456512
152.0,prmvt_5view,70.55,71.6,0x0,1484.193792
152.1,prmvt_6view,106.04,70.5,0x0,1483.177984
170.6,ocr_mode,18488.45,72.7,0x0,1502.183424
170.6,emotion,46.63,72.7,0x0,1502.183424
170.9,currency_mode_full,242.98,74.35,0x0,1507.295232
171.4,taka_yolo_pt,493.29,73.8,0x0,1510.866944
171.9,taka_yolo_onnx_fp32,476.87,74.9,0x0,1484.734464
172.1,taka_yolo_onnx_int8,258.4,76.55,0x0,1489.649664
172.5,watermark_int8_sift,402.23,71.05,0x0,1485.29152
172.6,watermark_int8_localizer,56.8,72.7,0x0,1486.389248
172.7,jaal_check_qduig,86.39,72.15,0x0,1486.76608
172.7,prmvt_1view,48.35,72.7,0x0,1486.798848
172.8,prmvt_2view,73.33,71.05,0x0,1486.897152
172.9,prmvt_3view,56.27,71.6,0x0,1487.159296
173.0,prmvt_4view,77.3,71.6,0x0,1487.880192
173.0,prmvt_5view,86.24,71.6,0x0,1483.948032
173.1,prmvt_6view,91.06,71.6,0x0,1485.881344
191.8,ocr_mode,18668.48,73.8,0x0,1489.7152
191.9,emotion,48.56,72.7,0x0,1489.7152
192.2,currency_mode_full,344.44,72.7,0x0,1488.40448
192.7,taka_yolo_pt,542.17,73.25,0x0,1510.817792
193.2,taka_yolo_onnx_fp32,474.77,75.45,0x0,1485.029376
193.5,taka_yolo_onnx_int8,254.92,74.35,0x0,1489.944576
193.8,watermark_int8_sift,320.53,70.5,0x0,1485.586432
193.9,watermark_int8_localizer,52.88,72.15,0x0,1486.68416
194.0,jaal_check_qduig,67.66,72.15,0x0,1487.060992
194.0,prmvt_1view,39.27,71.6,0x0,1487.09376
194.1,prmvt_2view,61.04,71.05,0x0,1482.686464
194.1,prmvt_3view,77.74,71.6,0x0,1482.3424
194.2,prmvt_4view,72.47,71.6,0x0,1483.587584
194.3,prmvt_5view,74.62,72.15,0x0,1483.948032
194.4,prmvt_6view,87.36,71.05,0x0,1485.94688
212.9,ocr_mode,18473.78,72.7,0x0,1485.684736
212.9,emotion,47.25,70.5,0x0,1485.684736
213.3,currency_mode_full,361.43,72.7,0x0,1487.699968
213.8,taka_yolo_pt,478.44,74.35,0x0,1510.68672
214.3,taka_yolo_onnx_fp32,486.85,75.45,0x0,1484.898304
214.5,taka_yolo_onnx_int8,263.5,74.35,0x0,1489.813504
214.8,watermark_int8_sift,326.27,71.05,0x0,1485.45536
214.9,watermark_int8_localizer,47.66,72.15,0x0,1486.553088
215.0,jaal_check_qduig,86.6,71.6,0x0,1482.473472
215.0,prmvt_1view,33.16,71.6,0x0,1482.50624
215.1,prmvt_2view,56.47,71.6,0x0,1482.948608
215.2,prmvt_3view,63.84,71.05,0x0,1483.24352
215.2,prmvt_4view,68.0,71.6,0x0,1483.997184
215.3,prmvt_5view,72.31,72.15,0x0,1484.14464
215.4,prmvt_6view,78.82,71.6,0x0,1484.013568
234.0,ocr_mode,18633.4,73.25,0x0,1490.141184
234.1,emotion,46.72,71.6,0x0,1490.141184
234.3,currency_mode_full,262.55,75.45,0x0,1485.963264
234.8,taka_yolo_pt,510.29,73.8,0x0,1510.621184
235.3,taka_yolo_onnx_fp32,478.23,74.9,0x0,1484.832768
235.6,taka_yolo_onnx_int8,248.22,74.35,0x0,1489.747968
236.4,watermark_int8_sift,822.64,69.4,0x0,1485.438976
236.5,watermark_int8_localizer,56.76,71.6,0x0,1486.536704
236.5,jaal_check_qduig,71.5,71.6,0x0,1486.946304
236.6,prmvt_1view,36.32,70.5,0x0,1486.979072
236.6,prmvt_2view,53.27,71.6,0x0,1487.077376
236.7,prmvt_3view,54.28,71.05,0x0,1482.899456
236.8,prmvt_4view,92.98,71.05,0x0,1483.374592
236.9,prmvt_5view,78.77,70.5,0x0,1484.14464
237.0,prmvt_6view,83.85,70.5,0x0,1485.94688
255.5,ocr_mode,18512.95,73.25,0x0,1490.419712
255.6,emotion,47.61,71.05,0x0,1490.419712
255.9,currency_mode_full,239.2,74.35,0x0,1486.27456
256.4,taka_yolo_pt,517.97,72.7,0x0,1511.112704
256.9,taka_yolo_onnx_fp32,504.43,74.9,0x0,1485.324288
257.2,taka_yolo_onnx_int8,252.35,74.35,0x0,1490.239488
257.6,watermark_int8_sift,402.6,70.5,0x0,1485.881344
257.6,watermark_int8_localizer,80.0,71.6,0x0,1486.979072
257.8,jaal_check_qduig,114.87,69.95,0x0,1487.388672
257.8,prmvt_1view,48.51,69.95,0x0,1487.388672
257.9,prmvt_2view,65.88,71.05,0x0,1487.437824
258.0,prmvt_3view,81.24,70.5,0x0,1487.732736
258.0,prmvt_4view,69.57,70.5,0x0,1488.355328
258.1,prmvt_5view,105.81,71.05,0x0,1487.99488
258.2,prmvt_6view,89.32,71.6,0x0,1484.177408
276.6,ocr_mode,18329.18,73.25,0x0,1495.69536
276.6,emotion,46.66,71.05,0x0,1495.69536
277.0,currency_mode_full,347.78,72.15,0x0,1487.650816
277.5,taka_yolo_pt,533.39,72.7,0x0,1511.292928
278.4,taka_yolo_onnx_fp32,844.27,73.25,0x0,1485.504512
278.8,taka_yolo_onnx_int8,446.32,73.25,0x0,1490.419712
279.1,watermark_int8_sift,333.4,69.4,0x0,1486.061568
279.2,watermark_int8_localizer,52.99,71.6,0x0,1487.159296
279.3,jaal_check_qduig,79.3,71.05,0x0,1487.568896
279.3,prmvt_1view,47.29,69.95,0x0,1487.601664
279.4,prmvt_2view,47.91,71.6,0x0,1487.634432
279.5,prmvt_3view,83.16,71.05,0x0,1483.24352
279.5,prmvt_4view,64.13,70.5,0x0,1483.931648
279.6,prmvt_5view,80.83,70.5,0x0,1484.652544
279.7,prmvt_6view,89.81,71.6,0x0,1486.454784
300.9,ocr_mode,21215.97,73.25,0x0,1486.651392
301.0,emotion,49.44,72.7,0x0,1486.651392
301.4,currency_mode_full,378.66,72.15,0x0,1488.601088
301.8,taka_yolo_pt,484.41,73.8,0x0,1511.161856
302.4,taka_yolo_onnx_fp32,536.96,74.35,0x0,1485.37344
302.7,taka_yolo_onnx_int8,290.39,74.35,0x0,1490.28864
303.0,watermark_int8_sift,344.56,70.5,0x0,1485.930496
303.1,watermark_int8_localizer,52.54,71.6,0x0,1487.028224
303.2,jaal_check_qduig,80.86,71.05,0x0,1482.899456
303.2,prmvt_1view,34.4,70.5,0x0,1482.932224
303.3,prmvt_2view,50.55,70.5,0x0,1483.309056
303.3,prmvt_3view,73.56,70.5,0x0,1483.5712
303.4,prmvt_4view,67.62,70.5,0x0,1484.292096
303.5,prmvt_5view,81.11,70.5,0x0,1484.55424
303.6,prmvt_6view,92.81,71.6,0x0,1483.522048
325.3,ocr_mode,21703.17,71.6,0x0,1490.567168
325.3,emotion,46.98,70.5,0x0,1490.567168
325.7,currency_mode_full,339.99,72.15,0x0,1486.389248
326.2,taka_yolo_pt,544.21,73.8,0x0,1511.243776
326.8,taka_yolo_onnx_fp32,569.39,74.35,0x0,1485.45536
327.1,taka_yolo_onnx_int8,293.47,73.8,0x0,1490.37056
328.0,watermark_int8_sift,854.64,69.4,0x0,1486.012416
328.0,watermark_int8_localizer,64.31,72.15,0x0,1487.110144
328.1,jaal_check_qduig,85.86,70.5,0x0,1487.470592
328.2,prmvt_1view,66.41,70.5,0x0,1487.50336
328.2,prmvt_2view,50.8,69.95,0x0,1487.519744
328.3,prmvt_3view,75.53,70.5,0x0,1487.765504
328.4,prmvt_4view,87.97,69.4,0x0,1488.453632
328.5,prmvt_5view,101.9,71.05,0x0,1484.537856
328.6,prmvt_6view,92.71,70.5,0x0,1483.669504
348.9,ocr_mode,20291.85,72.7,0x0,1494.237184
349.0,emotion,48.52,71.6,0x0,1494.237184
349.2,currency_mode_full,267.11,73.8,0x0,1484.8
349.8,taka_yolo_pt,517.6,73.8,0x0,1510.817792
350.2,taka_yolo_onnx_fp32,477.08,74.35,0x0,1488.584704
350.5,taka_yolo_onnx_int8,238.17,74.35,0x0,1493.499904
350.9,watermark_int8_sift,384.13,68.85,0x0,1489.14176
350.9,watermark_int8_localizer,57.34,71.6,0x0,1490.239488
351.0,jaal_check_qduig,70.04,71.05,0x0,1490.550784
351.0,prmvt_1view,32.34,71.05,0x0,1490.61632
351.1,prmvt_2view,59.03,71.05,0x0,1487.699968
351.1,prmvt_3view,53.65,69.95,0x0,1482.932224
351.2,prmvt_4view,63.21,71.05,0x0,1483.32544
351.3,prmvt_5view,69.44,71.05,0x0,1484.095488
351.4,prmvt_6view,75.98,70.5,0x0,1483.997184
372.8,ocr_mode,21448.39,72.7,0x0,1494.6304
372.9,emotion,46.83,72.15,0x0,1494.6304
373.2,currency_mode_full,319.88,72.7,0x0,1487.798272
373.6,taka_yolo_pt,445.34,73.8,0x0,1512.275968
374.1,taka_yolo_onnx_fp32,450.45,74.35,0x0,1490.04288
374.3,taka_yolo_onnx_int8,246.39,74.35,0x0,1494.95808
374.7,watermark_int8_sift,319.7,70.5,0x0,1490.599936
374.7,watermark_int8_localizer,45.32,72.15,0x0,1491.697664
374.8,jaal_check_qduig,79.95,70.5,0x0,1488.273408
374.8,prmvt_1view,33.49,70.5,0x0,1488.289792
374.9,prmvt_2view,49.41,70.5,0x0,1488.388096
374.9,prmvt_3view,57.29,70.5,0x0,1488.388096
375.0,prmvt_4view,61.94,70.5,0x0,1488.388096
375.1,prmvt_5view,69.96,71.05,0x0,1484.455936
375.2,prmvt_6view,78.36,71.05,0x0,1486.389248
393.6,ocr_mode,18475.4,72.7,0x0,1484.71808
393.7,emotion,47.64,71.6,0x0,1484.71808
394.3,currency_mode_full,593.92,71.05,0x0,1486.749696
394.9,taka_yolo_pt,628.62,73.25,0x0,1512.210432
395.4,taka_yolo_onnx_fp32,500.0,74.9,0x0,1489.977344
395.7,taka_yolo_onnx_int8,260.06,74.35,0x0,1494.892544
396.0,watermark_int8_sift,327.98,69.95,0x0,1490.5344
396.1,watermark_int8_localizer,55.11,71.6,0x0,1491.632128
396.2,jaal_check_qduig,70.67,70.5,0x0,1491.369984
396.2,prmvt_1view,34.6,71.05,0x0,1491.402752
396.3,prmvt_2view,66.18,69.95,0x0,1487.306752
396.3,prmvt_3view,60.08,70.5,0x0,1487.58528
396.4,prmvt_4view,67.13,71.05,0x0,1487.601664
396.5,prmvt_5view,78.9,70.5,0x0,1487.978496
396.6,prmvt_6view,93.63,70.5,0x0,1489.731584
414.6,ocr_mode,18028.93,71.6,0x0,1485.340672
414.7,emotion,50.6,71.05,0x0,1485.340672
414.9,currency_mode_full,288.46,73.8,0x0,1490.436096
415.5,taka_yolo_pt,578.97,72.7,0x0,1515.732992
416.1,taka_yolo_onnx_fp32,586.99,74.35,0x0,1486.651392
416.4,taka_yolo_onnx_int8,267.19,73.8,0x0,1491.566592
417.2,watermark_int8_sift,837.71,69.4,0x0,1487.208448
417.5,watermark_int8_localizer,131.89,71.6,0x0,1488.306176
417.5,jaal_check_qduig,82.73,70.5,0x0,1488.420864
417.6,prmvt_1view,35.1,69.95,0x0,1488.453632
417.6,prmvt_2view,57.83,69.95,0x0,1484.079104
417.7,prmvt_3view,56.11,69.95,0x0,1484.161024
417.8,prmvt_4view,63.84,69.95,0x0,1484.177408
418.1,prmvt_5view,315.55,69.95,0x0,1483.65312
418.4,prmvt_6view,301.05,69.4,0x0,1479.55712
439.5,ocr_mode,21098.03,71.6,0x0,1486.11072
439.5,emotion,47.72,71.05,0x0,1486.11072
439.8,currency_mode_full,267.81,73.25,0x0,1490.78016
440.3,taka_yolo_pt,486.11,72.7,0x0,1515.60192
440.8,taka_yolo_onnx_fp32,513.35,74.35,0x0,1486.52032
441.1,taka_yolo_onnx_int8,288.61,72.15,0x0,1491.43552
441.5,watermark_int8_sift,401.2,69.95,0x0,1487.077376
441.6,watermark_int8_localizer,69.73,71.6,0x0,1488.175104
441.7,jaal_check_qduig,93.96,71.05,0x0,1483.948032
441.7,prmvt_1view,43.91,70.5,0x0,1483.948032
441.8,prmvt_2view,79.23,69.95,0x0,1484.193792
441.9,prmvt_3view,70.1,70.5,0x0,1484.275712
442.0,prmvt_4view,76.41,70.5,0x0,1484.30848
442.1,prmvt_5view,95.1,69.95,0x0,1484.783616
442.2,prmvt_6view,122.66,69.95,0x0,1486.536704
459.0,ocr_mode,16758.36,72.15,0x0,1490.5344
459.0,emotion,46.6,71.05,0x0,1490.5344
459.3,currency_mode_full,318.43,72.15,0x0,1487.58528
459.8,taka_yolo_pt,446.28,72.7,0x0,1515.503616
460.2,taka_yolo_onnx_fp32,448.75,74.9,0x0,1486.92992
460.5,taka_yolo_onnx_int8,236.68,74.35,0x0,1491.84512
460.8,watermark_int8_sift,319.2,69.95,0x0,1487.486976
460.8,watermark_int8_localizer,45.46,69.95,0x0,1488.584704
460.9,jaal_check_qduig,76.25,71.6,0x0,1488.15872
461.0,prmvt_1view,41.08,70.5,0x0,1488.191488
461.0,prmvt_2view,49.3,70.5,0x0,1488.584704
461.1,prmvt_3view,59.73,70.5,0x0,1488.617472
461.1,prmvt_4view,62.3,70.5,0x0,1488.65024
461.2,prmvt_5view,72.63,70.5,0x0,1484.47232
461.3,prmvt_6view,77.32,70.5,0x0,1486.4384
481.6,ocr_mode,20279.16,71.6,0x0,1487.83104
481.6,emotion,48.48,68.85,0x0,1487.83104
482.1,currency_mode_full,429.3,70.5,0x0,1486.946304
482.6,taka_yolo_pt,525.67,71.6,0x0,1515.470848
483.1,taka_yolo_onnx_fp32,535.74,73.25,0x0,1486.897152
483.4,taka_yolo_onnx_int8,253.87,73.25,0x0,1491.812352
483.7,watermark_int8_sift,331.71,69.4,0x0,1487.454208
483.8,watermark_int8_localizer,56.21,70.5,0x0,1488.551936
483.9,jaal_check_qduig,85.12,70.5,0x0,1488.584704
483.9,prmvt_1view,40.03,71.05,0x0,1488.617472
484.0,prmvt_2view,50.16,69.95,0x0,1488.666624
484.0,prmvt_3view,61.94,69.95,0x0,1484.652544
484.1,prmvt_4view,62.76,69.95,0x0,1484.652544
484.2,prmvt_5view,100.39,68.85,0x0,1484.750848
484.3,prmvt_6view,78.77,69.95,0x0,1484.603392
506.0,ocr_mode,21732.41,71.05,0x0,1490.419712
506.1,emotion,47.75,69.95,0x0,1490.419712
506.4,currency_mode_full,304.05,72.7,0x0,1486.225408
507.1,taka_yolo_pt,642.82,71.6,0x0,1505.263616
507.6,taka_yolo_onnx_fp32,490.28,73.25,0x0,1486.76608
507.9,taka_yolo_onnx_int8,238.06,73.8,0x0,1491.68128
508.7,watermark_int8_sift,830.94,68.3,0x0,1487.33952
508.8,watermark_int8_localizer,66.98,69.95,0x0,1488.437248
508.9,jaal_check_qduig,100.76,68.85,0x0,1488.224256
508.9,prmvt_1view,56.12,69.4,0x0,1488.257024
509.0,prmvt_2view,70.91,69.4,0x0,1488.65024
509.1,prmvt_3view,94.6,69.4,0x0,1484.292096
509.2,prmvt_4view,65.57,69.4,0x0,1484.652544
509.2,prmvt_5view,75.36,69.4,0x0,1484.750848
509.3,prmvt_6view,79.73,68.85,0x0,1484.619776
534.5,ocr_mode,25207.27,71.05,0x0,1489.993728
534.6,emotion,47.42,71.6,0x0,1489.993728
535.0,currency_mode_full,384.29,71.6,0x0,1485.996032
535.6,taka_yolo_pt,611.31,72.15,0x0,1515.503616
536.6,taka_yolo_onnx_fp32,1024.1,71.6,0x0,1486.92992
537.3,taka_yolo_onnx_int8,625.12,71.6,0x0,1491.84512
537.7,watermark_int8_sift,416.24,69.4,0x0,1487.486976
537.7,watermark_int8_localizer,59.91,69.95,0x0,1488.584704
537.9,jaal_check_qduig,159.66,69.4,0x0,1488.699392
538.1,prmvt_1view,173.47,68.85,0x0,1488.207872
538.3,prmvt_2view,244.08,67.75,0x0,1488.65024
538.4,prmvt_3view,106.8,68.85,0x0,1484.3904
538.5,prmvt_4view,65.57,68.3,0x0,1484.750848
538.6,prmvt_5view,134.76,68.3,0x0,1484.3904
538.7,prmvt_6view,84.81,68.85,0x0,1484.488704
561.5,ocr_mode,22760.81,69.4,0x0,1483.620352
561.5,emotion,50.76,68.85,0x0,1483.620352
561.9,currency_mode_full,364.18,71.05,0x0,1485.29152
562.5,taka_yolo_pt,571.97,70.5,0x0,1503.428608
563.1,taka_yolo_onnx_fp32,615.82,73.25,0x0,1485.094912
563.4,taka_yolo_onnx_int8,287.64,72.7,0x0,1490.010112
563.7,watermark_int8_sift,329.4,70.5,0x0,1485.651968
563.8,watermark_int8_localizer,66.58,70.5,0x0,1486.749696
563.9,jaal_check_qduig,92.58,69.4,0x0,1486.76608
564.0,prmvt_1view,56.9,69.4,0x0,1486.798848
564.0,prmvt_2view,66.35,68.85,0x0,1482.326016
564.1,prmvt_3view,59.86,69.95,0x0,1482.063872
564.2,prmvt_4view,96.04,68.85,0x0,1482.407936
564.3,prmvt_5view,90.78,68.85,0x0,1482.113024
564.4,prmvt_6view,94.91,68.3,0x0,1484.14464
584.4,ocr_mode,19966.67,69.95,0x0,1482.326016
584.4,emotion,47.73,69.4,0x0,1482.326016
584.8,currency_mode_full,356.47,69.95,0x0,1486.831616
585.2,taka_yolo_pt,460.72,72.15,0x0,1513.865216
585.7,taka_yolo_onnx_fp32,468.26,72.7,0x0,1485.29152
586.0,taka_yolo_onnx_int8,256.09,71.6,0x0,1490.20672
586.3,watermark_int8_sift,343.12,68.85,0x0,1485.848576
586.4,watermark_int8_localizer,62.14,71.05,0x0,1486.946304
586.5,jaal_check_qduig,122.02,69.4,0x0,1482.539008
586.5,prmvt_1view,46.74,69.4,0x0,1482.571776
586.6,prmvt_2view,86.04,68.85,0x0,1482.91584
586.8,prmvt_3view,135.31,68.3,0x0,1478.508544
586.9,prmvt_4view,109.58,68.3,0x0,1482.473472
587.0,prmvt_5view,84.67,68.3,0x0,1482.522624
587.1,prmvt_6view,86.5,68.85,0x0,1484.521472
605.9,ocr_mode,18785.35,71.05,0x0,1498.382336
605.9,emotion,48.58,71.6,0x0,1498.382336
606.2,currency_mode_full,247.05,72.15,0x0,1503.6416
606.6,taka_yolo_pt,476.04,71.6,0x0,1499.824128
607.1,taka_yolo_onnx_fp32,478.07,73.25,0x0,1483.603968
607.4,taka_yolo_onnx_int8,287.81,72.7,0x0,1488.519168
608.3,watermark_int8_sift,843.82,68.3,0x0,1484.177408
608.3,watermark_int8_localizer,70.51,69.4,0x0,1485.275136
608.4,jaal_check_qduig,99.74,68.85,0x0,1485.635584
608.5,prmvt_1view,35.68,67.75,0x0,1485.635584
608.5,prmvt_2view,57.04,69.4,0x0,1485.70112
608.6,prmvt_3view,84.1,68.3,0x0,1485.979648
608.7,prmvt_4view,127.38,67.2,0x0,1486.700544
608.8,prmvt_5view,82.86,68.85,0x0,1482.801152
608.9,prmvt_6view,92.63,68.3,0x0,1484.734464
628.1,ocr_mode,19125.46,69.4,0x0,1502.609408
628.1,emotion,49.47,69.95,0x0,1502.609408
628.4,currency_mode_full,251.23,72.7,0x0,1498.775552
628.9,taka_yolo_pt,491.9,72.15,0x0,1512.374272
629.4,taka_yolo_onnx_fp32,492.51,73.25,0x0,1484.63616
629.7,taka_yolo_onnx_int8,247.57,72.7,0x0,1489.55136
630.1,watermark_int8_sift,392.21,68.85,0x0,1485.193216
630.2,watermark_int8_localizer,47.09,69.95,0x0,1486.290944
630.2,jaal_check_qduig,81.58,69.4,0x0,1486.307328
630.3,prmvt_1view,37.63,68.85,0x0,1486.340096
630.4,prmvt_2view,71.37,68.85,0x0,1481.949184
630.4,prmvt_3view,62.55,68.3,0x0,1482.227712
630.5,prmvt_4view,81.06,68.85,0x0,1482.42432
630.6,prmvt_5view,71.67,69.4,0x0,1482.686464
630.7,prmvt_6view,88.56,69.4,0x0,1484.439552
657.0,ocr_mode,26346.83,68.3,0x0,1495.236608
657.1,emotion,63.33,68.85,0x0,1495.236608
658.3,currency_mode_full,1206.01,67.75,0x0,1499.05408
659.4,taka_yolo_pt,1137.05,68.85,0x0,1497.432064
660.8,taka_yolo_onnx_fp32,1374.77,68.85,0x0,1482.932224
661.8,taka_yolo_onnx_int8,988.27,69.4,0x0,1487.847424
662.2,watermark_int8_sift,403.46,67.75,0x0,1483.48928
662.4,watermark_int8_localizer,120.9,68.3,0x0,1484.587008
662.6,jaal_check_qduig,274.63,68.3,0x0,1480.62208
663.0,prmvt_1view,315.67,67.2,0x0,1478.148096
663.4,prmvt_2view,404.93,67.2,0x0,1478.770688
663.7,prmvt_3view,305.39,67.75,0x0,1477.984256
664.1,prmvt_4view,406.62,66.65,0x0,1477.656576
664.5,prmvt_5view,406.36,67.2,0x0,1476.52608
664.8,prmvt_6view,338.02,67.2,0x0,1477.951488
692.1,ocr_mode,27308.56,69.4,0x0,1483.390976
692.2,emotion,50.6,69.95,0x0,1483.40736
692.7,currency_mode_full,543.41,67.2,0x0,1483.81696
693.4,taka_yolo_pt,645.86,68.85,0x0,1490.419712
693.9,taka_yolo_onnx_fp32,552.72,71.6,0x0,1464.631296
694.2,taka_yolo_onnx_int8,282.44,71.05,0x0,1469.546496
694.6,watermark_int8_sift,336.44,67.2,0x0,1465.188352
694.6,watermark_int8_localizer,53.84,68.3,0x0,1466.28608
694.7,jaal_check_qduig,86.48,67.75,0x0,1466.69568
694.8,prmvt_1view,34.47,67.75,0x0,1466.69568
694.8,prmvt_2view,65.61,67.75,0x0,1466.646528
694.9,prmvt_3view,67.43,67.75,0x0,1462.452224
695.0,prmvt_4view,113.94,67.75,0x0,1463.140352
695.1,prmvt_5view,76.93,66.65,0x0,1464.352768
695.2,prmvt_6view,115.65,66.65,0x0,1463.33696
716.2,ocr_mode,21019.1,69.4,0x0,1467.662336
716.3,emotion,50.18,68.3,0x0,1467.67872
716.6,currency_mode_full,274.08,70.5,0x0,1463.517184
717.2,taka_yolo_pt,575.56,69.95,0x0,1471.36512
717.8,taka_yolo_onnx_fp32,676.92,71.05,0x0,1445.576704
718.1,taka_yolo_onnx_int8,282.19,71.6,0x0,1450.491904
719.0,watermark_int8_sift,880.44,66.65,0x0,1446.182912
719.1,watermark_int8_localizer,62.12,68.3,0x0,1447.28064
719.2,jaal_check_qduig,90.18,68.3,0x0,1447.706624
719.2,prmvt_1view,41.94,66.65,0x0,1447.706624
719.3,prmvt_2view,48.84,67.75,0x0,1447.723008
719.4,prmvt_3view,93.08,67.75,0x0,1447.5264
719.4,prmvt_4view,79.04,67.2,0x0,1448.771584
719.5,prmvt_5view,91.3,67.2,0x0,1444.6592
719.6,prmvt_6view,108.19,66.65,0x0,1446.78912
739.9,ocr_mode,20260.2,69.95,0x0,1473.036288
740.0,emotion,49.26,69.95,0x0,1473.036288
740.2,currency_mode_full,247.58,71.6,0x0,1463.599104
740.7,taka_yolo_pt,493.35,69.95,0x0,1471.414272
741.2,taka_yolo_onnx_fp32,490.77,71.6,0x0,1445.625856
741.5,taka_yolo_onnx_int8,255.28,72.15,0x0,1450.541056
741.9,watermark_int8_sift,390.09,67.75,0x0,1446.182912
741.9,watermark_int8_localizer,57.42,69.4,0x0,1447.28064
742.0,jaal_check_qduig,86.91,68.3,0x0,1447.69024
742.0,prmvt_1view,33.75,68.3,0x0,1447.723008
742.1,prmvt_2view,58.15,68.3,0x0,1443.299328
742.2,prmvt_3view,55.43,68.3,0x0,1443.610624
742.3,prmvt_4view,93.95,68.3,0x0,1444.33152
742.4,prmvt_5view,109.11,67.75,0x0,1444.265984
742.5,prmvt_6view,105.67,67.75,0x0,1440.858112
762.2,ocr_mode,19721.79,69.95,0x0,1457.405952
762.3,emotion,50.21,68.85,0x0,1457.422336
762.8,currency_mode_full,557.66,69.4,0x0,1459.027968
763.5,taka_yolo_pt,645.48,69.95,0x0,1465.073664
764.0,taka_yolo_onnx_fp32,553.79,72.15,0x0,1439.285248
764.3,taka_yolo_onnx_int8,275.5,71.6,0x0,1444.200448
764.6,watermark_int8_sift,327.33,68.85,0x0,1439.842304
764.7,watermark_int8_localizer,54.8,70.5,0x0,1440.940032
764.8,jaal_check_qduig,78.29,69.4,0x0,1436.860416
764.8,prmvt_1view,33.88,69.4,0x0,1436.893184
764.9,prmvt_2view,49.46,68.3,0x0,1437.270016
765.0,prmvt_3view,97.87,69.4,0x0,1437.548544
765.1,prmvt_4view,101.84,68.85,0x0,1438.318592
765.2,prmvt_5view,88.47,68.85,0x0,1438.695424
765.3,prmvt_6view,92.02,68.85,0x0,1438.580736
785.6,ocr_mode,20353.15,71.6,0x0,1458.5856
785.7,emotion,48.7,71.6,0x0,1458.5856
786.0,currency_mode_full,370.84,69.95,0x0,1458.74944
786.5,taka_yolo_pt,501.56,71.6,0x0,1465.46688
787.0,taka_yolo_onnx_fp32,497.08,72.15,0x0,1439.678464
787.3,taka_yolo_onnx_int8,260.84,71.05,0x0,1444.593664
787.7,watermark_int8_sift,351.47,69.95,0x0,1440.23552
787.7,watermark_int8_localizer,64.96,69.4,0x0,1441.333248
787.8,jaal_check_qduig,94.43,69.4,0x0,1441.742848
787.9,prmvt_1view,43.83,69.4,0x0,1441.742848
787.9,prmvt_2view,64.98,68.85,0x0,1441.677312
788.0,prmvt_3view,61.41,69.4,0x0,1437.466624
788.1,prmvt_4view,73.5,69.4,0x0,1438.171136
788.2,prmvt_5view,80.61,67.75,0x0,1438.9248
788.3,prmvt_6view,84.17,68.3,0x0,1439.678464
807.8,ocr_mode,19495.76,69.95,0x0,1435.40224
807.8,emotion,48.59,68.85,0x0,1435.40224
808.1,currency_mode_full,266.16,72.15,0x0,1440.497664
808.6,taka_yolo_pt,500.05,71.05,0x0,1461.387264
809.1,taka_yolo_onnx_fp32,487.26,71.05,0x0,1435.090944
809.3,taka_yolo_onnx_int8,259.9,71.6,0x0,1440.006144
810.2,watermark_int8_sift,827.08,67.2,0x0,1435.664384
810.2,watermark_int8_localizer,45.32,67.2,0x0,1436.762112
810.3,jaal_check_qduig,84.14,67.75,0x0,1437.12256
810.3,prmvt_1view,33.2,68.3,0x0,1437.12256
810.4,prmvt_2view,62.37,68.3,0x0,1437.171712
810.5,prmvt_3view,91.93,68.3,0x0,1437.417472
810.6,prmvt_4view,83.71,67.75,0x0,1438.1056
810.7,prmvt_5view,86.49,68.3,0x0,1434.189824
810.8,prmvt_6view,86.88,68.3,0x0,1436.0576
830.0,ocr_mode,19257.28,69.95,0x0,1434.976256
830.1,emotion,48.28,68.85,0x0,1434.976256
830.3,currency_mode_full,248.44,72.15,0x0,1431.1424
830.8,taka_yolo_pt,501.85,71.6,0x0,1458.765824
831.3,taka_yolo_onnx_fp32,481.7,72.7,0x0,1432.977408
831.6,taka_yolo_onnx_int8,284.27,72.15,0x0,1437.892608
832.0,watermark_int8_sift,389.46,68.3,0x0,1433.534464
832.1,watermark_int8_localizer,58.14,69.95,0x0,1434.632192
832.1,jaal_check_qduig,80.76,68.85,0x0,1435.041792
832.2,prmvt_1view,35.12,69.4,0x0,1435.07456
832.2,prmvt_2view,62.08,68.3,0x0,1435.090944
832.3,prmvt_3view,78.9,67.75,0x0,1434.714112
832.4,prmvt_4view,92.15,68.3,0x0,1435.959296
832.5,prmvt_5view,100.51,68.85,0x0,1432.04352
832.6,prmvt_6view,98.5,68.85,0x0,1433.911296
851.6,ocr_mode,18916.02,72.15,0x0,1438.384128
851.7,emotion,47.0,71.6,0x0,1438.384128
852.0,currency_mode_full,338.18,69.95,0x0,1436.38528
852.6,taka_yolo_pt,547.07,70.5,0x0,1458.700288
853.1,taka_yolo_onnx_fp32,559.49,72.15,0x0,1432.911872
853.4,taka_yolo_onnx_int8,264.76,72.15,0x0,1437.827072
853.8,watermark_int8_sift,346.02,69.4,0x0,1433.468928
853.8,watermark_int8_localizer,60.3,69.95,0x0,1434.566656
853.9,jaal_check_qduig,74.96,69.4,0x0,1434.927104
854.0,prmvt_1view,50.7,68.3,0x0,1434.959872
854.0,prmvt_2view,51.0,71.05,0x0,1435.009024
854.1,prmvt_3view,111.02,68.3,0x0,1430.798336
854.2,prmvt_4view,66.7,68.3,0x0,1431.486464
854.3,prmvt_5view,71.64,68.85,0x0,1432.059904
854.4,prmvt_6view,88.15,68.85,0x0,1433.911296
873.5,ocr_mode,19186.43,71.05,0x0,1433.862144
873.6,emotion,47.29,69.4,0x0,1433.862144
873.9,currency_mode_full,337.87,69.95,0x0,1436.286976
874.4,taka_yolo_pt,473.37,71.6,0x0,1458.66752
874.9,taka_yolo_onnx_fp32,495.01,72.15,0x0,1432.879104
875.2,taka_yolo_onnx_int8,250.93,72.15,0x0,1437.794304
875.5,watermark_int8_sift,330.18,68.3,0x0,1433.43616
875.6,watermark_int8_localizer,62.69,70.5,0x0,1434.533888
875.7,jaal_check_qduig,111.91,69.4,0x0,1430.40512
875.7,prmvt_1view,33.71,68.85,0x0,1430.437888
875.8,prmvt_2view,48.93,68.3,0x0,1430.880256
875.8,prmvt_3view,55.29,68.85,0x0,1431.175168
875.9,prmvt_4view,80.27,68.85,0x0,1431.863296
876.0,prmvt_5view,70.26,68.3,0x0,1432.12544
876.1,prmvt_6view,90.17,69.4,0x0,1433.84576
895.2,ocr_mode,19150.04,71.6,0x0,1437.794304
895.3,emotion,47.14,69.95,0x0,1437.794304
895.5,currency_mode_full,249.0,72.15,0x0,1433.616384
896.0,taka_yolo_pt,480.7,71.6,0x0,1458.569216
896.5,taka_yolo_onnx_fp32,500.67,72.7,0x0,1432.7808
896.8,taka_yolo_onnx_int8,259.93,72.7,0x0,1437.696
897.6,watermark_int8_sift,841.28,67.2,0x0,1433.337856
897.7,watermark_int8_localizer,52.28,68.85,0x0,1434.435584
897.8,jaal_check_qduig,92.3,68.85,0x0,1434.714112
897.8,prmvt_1view,40.06,68.85,0x0,1434.714112
897.9,prmvt_2view,63.83,68.85,0x0,1434.681344
897.9,prmvt_3view,58.71,68.85,0x0,1434.927104
898.0,prmvt_4view,72.6,68.85,0x0,1435.582464
898.1,prmvt_5view,81.23,68.85,0x0,1435.877376
898.2,prmvt_6view,88.22,68.85,0x0,1431.764992
916.9,ocr_mode,18689.96,71.6,0x0,1435.254784
916.9,emotion,47.8,69.95,0x0,1435.254784
917.2,currency_mode_full,244.03,71.6,0x0,1431.257088
917.8,taka_yolo_pt,590.58,71.05,0x0,1458.536448
918.3,taka_yolo_onnx_fp32,561.13,71.6,0x0,1432.748032
918.6,taka_yolo_onnx_int8,263.25,72.15,0x0,1437.663232
919.0,watermark_int8_sift,388.78,68.3,0x0,1433.305088
919.1,watermark_int8_localizer,58.39,70.5,0x0,1434.402816
919.2,jaal_check_qduig,90.14,69.4,0x0,1434.812416
919.2,prmvt_1view,41.0,69.4,0x0,1434.812416
919.3,prmvt_2view,50.35,68.85,0x0,1434.861568
919.3,prmvt_3view,71.93,68.85,0x0,1430.667264
919.5,prmvt_4view,146.57,68.85,0x0,1430.011904
919.6,prmvt_5view,83.43,69.4,0x0,1432.027136
919.7,prmvt_6view,88.46,68.85,0x0,1433.84576
938.7,ocr_mode,19006.58,69.95,0x0,1434.124288
938.7,emotion,46.78,69.95,0x0,1434.124288
939.1,currency_mode_full,356.41,70.5,0x0,1435.009024
939.6,taka_yolo_pt,475.78,71.6,0x0,1458.651136
940.1,taka_yolo_onnx_fp32,490.48,72.15,0x0,1432.86272
940.4,taka_yolo_onnx_int8,300.56,72.15,0x0,1437.77792
940.8,watermark_int8_sift,320.0,67.2,0x0,1433.419776
940.9,watermark_int8_localizer,44.5,69.4,0x0,1434.517504
941.0,jaal_check_qduig,76.14,68.85,0x0,1430.388736
941.1,prmvt_1view,46.35,68.3,0x0,1430.388736
941.1,prmvt_2view,52.53,68.3,0x0,1430.65088
941.2,prmvt_3view,69.29,68.3,0x0,1430.945792
941.3,prmvt_4view,63.16,68.3,0x0,1431.63392
941.3,prmvt_5view,71.68,68.3,0x0,1431.912448
941.4,prmvt_6view,98.07,67.2,0x0,1427.488768
960.4,ocr_mode,18936.21,71.05,0x0,1437.597696
960.4,emotion,48.44,69.95,0x0,1437.597696
960.8,currency_mode_full,368.23,69.4,0x0,1435.353088
961.3,taka_yolo_pt,549.74,69.95,0x0,1448.738816
961.8,taka_yolo_onnx_fp32,496.34,72.7,0x0,1433.02656
962.1,taka_yolo_onnx_int8,252.96,72.7,0x0,1437.94176
962.4,watermark_int8_sift,339.35,69.95,0x0,1433.583616
962.5,watermark_int8_localizer,57.2,69.95,0x0,1434.681344
962.6,jaal_check_qduig,89.29,69.4,0x0,1435.041792
962.7,prmvt_1view,56.35,69.4,0x0,1434.976256
962.7,prmvt_2view,88.24,68.85,0x0,1434.976256
962.8,prmvt_3view,86.02,68.85,0x0,1434.648576
962.9,prmvt_4view,77.38,69.4,0x0,1435.81184
963.0,prmvt_5view,83.54,69.4,0x0,1431.945216
963.1,prmvt_6view,89.47,69.4,0x0,1433.878528
981.8,ocr_mode,18754.37,72.15,0x0,1453.244416
981.9,emotion,48.17,69.95,0x0,1453.244416
982.2,currency_mode_full,267.99,72.15,0x0,1449.230336
982.8,taka_yolo_pt,593.27,69.95,0x0,1461.354496
983.3,taka_yolo_onnx_fp32,544.33,72.7,0x0,1439.25248
983.6,taka_yolo_onnx_int8,289.33,73.25,0x0,1444.16768
984.4,watermark_int8_sift,829.3,67.75,0x0,1439.809536
984.5,watermark_int8_localizer,49.33,69.4,0x0,1440.907264
984.6,jaal_check_qduig,89.56,68.3,0x0,1441.693696
984.6,prmvt_1view,41.46,68.85,0x0,1434.58304
984.7,prmvt_2view,48.59,68.3,0x0,1435.172864
984.8,prmvt_3view,64.72,68.3,0x0,1430.40512
984.8,prmvt_4view,64.44,68.3,0x0,1430.798336
984.9,prmvt_5view,88.69,68.3,0x0,1431.535616
985.0,prmvt_6view,87.8,68.3,0x0,1431.437312
1004.4,ocr_mode,19377.75,69.95,0x0,1433.862144
1004.4,emotion,48.84,69.4,0x0,1433.862144
1004.7,currency_mode_full,233.93,73.25,0x0,1429.864448
1005.2,taka_yolo_pt,498.2,72.7,0x0,1458.274304
1006.0,taka_yolo_onnx_fp32,850.74,72.7,0x0,1436.041216
1006.4,taka_yolo_onnx_int8,370.88,73.25,0x0,1440.956416
1006.8,watermark_int8_sift,394.0,70.5,0x0,1436.598272
1006.9,watermark_int8_localizer,46.38,71.05,0x0,1437.696
1006.9,jaal_check_qduig,89.04,68.85,0x0,1434.599424
1007.0,prmvt_1view,33.96,70.5,0x0,1434.66496
1007.0,prmvt_2view,49.73,70.5,0x0,1435.222016
1007.1,prmvt_3view,63.43,69.95,0x0,1435.271168
1007.2,prmvt_4view,70.86,69.95,0x0,1435.271168
1007.2,prmvt_5view,70.39,69.95,0x0,1431.437312
1007.3,prmvt_6view,87.24,69.4,0x0,1433.370624
1028.9,ocr_mode,21585.69,71.05,0x0,1433.35424
1029.0,emotion,47.7,70.5,0x0,1433.35424
1029.4,currency_mode_full,400.59,70.5,0x0,1435.107328
1029.9,taka_yolo_pt,520.25,73.25,0x0,1462.403072
1030.5,taka_yolo_onnx_fp32,633.46,73.25,0x0,1437.892608
1030.8,taka_yolo_onnx_int8,245.87,74.35,0x0,1442.807808
1031.1,watermark_int8_sift,318.23,69.4,0x0,1438.449664
1031.2,watermark_int8_localizer,51.28,71.05,0x0,1439.547392
1031.3,jaal_check_qduig,85.99,70.5,0x0,1439.432704
1031.3,prmvt_1view,33.44,69.95,0x0,1439.465472
1031.4,prmvt_2view,55.54,70.5,0x0,1435.467776
1031.4,prmvt_3view,53.82,70.5,0x0,1435.533312
1031.5,prmvt_4view,67.17,71.05,0x0,1435.56608
1031.6,prmvt_5view,71.56,69.95,0x0,1435.648
1031.6,prmvt_6view,76.89,70.5,0x0,1437.433856
1048.4,ocr_mode,16751.17,74.35,0x0,1431.666688
1048.4,emotion,47.23,74.35,0x0,1431.666688
1048.8,currency_mode_full,374.14,72.7,0x0,1436.008448
1049.3,taka_yolo_pt,458.77,73.8,0x0,1463.025664
1049.8,taka_yolo_onnx_fp32,490.89,74.9,0x0,1434.451968
1050.0,taka_yolo_onnx_int8,234.39,75.45,0x0,1439.367168
1050.3,watermark_int8_sift,325.68,70.5,0x0,1435.009024
1050.4,watermark_int8_localizer,50.89,72.7,0x0,1436.106752
1050.5,jaal_check_qduig,74.0,72.15,0x0,1431.79776
1050.5,prmvt_1view,35.67,72.15,0x0,1431.79776
1050.6,prmvt_2view,51.01,71.6,0x0,1432.092672
1050.6,prmvt_3view,66.15,69.95,0x0,1432.059904
1050.7,prmvt_4view,72.84,71.6,0x0,1432.092672
1050.8,prmvt_5view,71.7,71.05,0x0,1432.109056
1050.9,prmvt_6view,77.23,72.15,0x0,1433.878528
1067.2,ocr_mode,16328.82,74.35,0x0,1443.381248
1067.2,emotion,47.07,73.8,0x0,1443.381248
1067.5,currency_mode_full,249.65,76.0,0x0,1433.92768
1068.0,taka_yolo_pt,514.36,74.35,0x0,1463.042048
1068.6,taka_yolo_onnx_fp32,621.95,75.45,0x0,1434.468352
1069.0,taka_yolo_onnx_int8,376.13,74.9,0x0,1439.383552
1069.9,watermark_int8_sift,832.91,69.95,0x0,1435.058176
1069.9,watermark_int8_localizer,58.04,71.6,0x0,1436.155904
1070.0,jaal_check_qduig,66.5,71.6,0x0,1435.910144
1070.0,prmvt_1view,34.44,71.6,0x0,1435.942912
1070.1,prmvt_2view,49.31,71.6,0x0,1436.090368
1070.1,prmvt_3view,53.66,71.6,0x0,1436.172288
1070.2,prmvt_4view,61.51,71.05,0x0,1436.123136
1070.3,prmvt_5view,68.64,70.5,0x0,1431.945216
1070.3,prmvt_6view,76.55,71.05,0x0,1433.894912
1086.7,ocr_mode,16309.94,73.8,0x0,1438.040064
1086.7,emotion,46.5,73.8,0x0,1438.040064
1086.9,currency_mode_full,225.07,76.0,0x0,1433.878528
1087.4,taka_yolo_pt,459.68,74.9,0x0,1463.058432
1087.9,taka_yolo_onnx_fp32,457.38,75.45,0x0,1434.484736
1088.1,taka_yolo_onnx_int8,235.94,76.0,0x0,1439.399936
1088.5,watermark_int8_sift,389.47,71.05,0x0,1435.041792
1088.5,watermark_int8_localizer,47.72,73.25,0x0,1436.13952
1088.6,jaal_check_qduig,81.92,72.15,0x0,1436.254208
1088.7,prmvt_1view,33.84,72.15,0x0,1436.254208
1088.7,prmvt_2view,62.59,71.6,0x0,1431.732224
1088.8,prmvt_3view,55.68,71.6,0x0,1431.846912
1088.9,prmvt_4view,62.38,71.6,0x0,1431.863296
1088.9,prmvt_5view,80.47,72.15,0x0,1431.945216
1089.0,prmvt_6view,77.16,72.15,0x0,1433.714688
1105.5,ocr_mode,16511.75,74.35,0x0,1433.911296
1105.6,emotion,47.2,72.15,0x0,1433.911296
1105.9,currency_mode_full,320.07,73.25,0x0,1436.041216
1106.3,taka_yolo_pt,438.1,75.45,0x0,1463.074816
1106.8,taka_yolo_onnx_fp32,449.51,76.0,0x0,1434.50112
1107.0,taka_yolo_onnx_int8,244.69,75.45,0x0,1439.41632
1107.4,watermark_int8_sift,318.5,71.05,0x0,1435.058176
1107.4,watermark_int8_localizer,43.19,72.15,0x0,1436.155904
1107.5,jaal_check_qduig,73.51,72.15,0x0,1431.79776
1107.5,prmvt_1view,33.45,72.15,0x0,1431.79776
1107.6,prmvt_2view,50.34,72.7,0x0,1431.912448
1107.6,prmvt_3view,56.13,72.7,0x0,1432.12544
1107.7,prmvt_4view,61.46,71.6,0x0,1432.141824
1107.8,prmvt_5view,72.18,72.7,0x0,1432.158208
1107.9,prmvt_6view,91.56,72.15,0x0,1433.92768
1126.7,ocr_mode,18802.32,72.15,0x0,1438.121984
1126.7,emotion,53.67,71.6,0x0,1438.121984
1127.1,currency_mode_full,370.93,72.7,0x0,1435.172864
1127.6,taka_yolo_pt,459.39,74.9,0x0,1452.965888
1128.1,taka_yolo_onnx_fp32,496.73,74.35,0x0,1434.468352
1128.4,taka_yolo_onnx_int8,284.04,74.9,0x0,1439.383552
1128.7,watermark_int8_sift,346.96,71.6,0x0,1435.025408
1128.8,watermark_int8_localizer,57.0,72.7,0x0,1436.123136
1128.8,jaal_check_qduig,79.05,72.7,0x0,1436.0576
1128.9,prmvt_1view,36.57,71.05,0x0,1436.090368
1128.9,prmvt_2view,56.94,71.6,0x0,1436.123136
1129.0,prmvt_3view,59.94,71.05,0x0,1436.22144
1129.1,prmvt_4view,63.9,72.15,0x0,1436.205056
1129.2,prmvt_5view,75.03,71.05,0x0,1432.027136
1129.2,prmvt_6view,77.16,71.6,0x0,1433.976832
1147.2,ocr_mode,17966.56,73.8,0x0,1435.631616
1147.3,emotion,46.89,72.15,0x0,1435.631616
1147.5,currency_mode_full,221.81,75.45,0x0,1431.617536
1148.0,taka_yolo_pt,492.6,73.8,0x0,1453.09696
1148.4,taka_yolo_onnx_fp32,449.46,74.9,0x0,1434.599424
1148.7,taka_yolo_onnx_int8,239.03,75.45,0x0,1439.514624
1149.5,watermark_int8_sift,815.51,69.95,0x0,1435.205632
1149.5,watermark_int8_localizer,48.64,71.6,0x0,1436.30336
1149.6,jaal_check_qduig,71.08,71.6,0x0,1436.106752
1149.7,prmvt_1view,33.25,70.5,0x0,1436.13952
1149.7,prmvt_2view,47.33,70.5,0x0,1431.814144
1149.8,prmvt_3view,54.85,71.05,0x0,1431.87968
1149.8,prmvt_4view,61.22,70.5,0x0,1431.896064
1149.9,prmvt_5view,77.41,71.6,0x0,1431.977984
1150.0,prmvt_6view,77.89,69.95,0x0,1433.747456
1166.7,ocr_mode,16713.43,73.8,0x0,1434.517504
1166.7,emotion,46.53,72.7,0x0,1434.517504
1167.0,currency_mode_full,230.66,76.0,0x0,1439.17056
1167.6,taka_yolo_pt,473.7,73.8,0x0,1459.191808
1168.0,taka_yolo_onnx_fp32,458.8,75.45,0x0,1433.059328
1168.3,taka_yolo_onnx_int8,243.46,74.9,0x0,1437.974528
1168.7,watermark_int8_sift,385.08,71.05,0x0,1433.616384
1168.7,watermark_int8_localizer,51.12,72.7,0x0,1434.714112
1168.8,jaal_check_qduig,79.47,72.15,0x0,1430.585344
1168.8,prmvt_1view,33.07,72.7,0x0,1430.618112
1168.9,prmvt_2view,53.6,71.6,0x0,1431.06048
1168.9,prmvt_3view,55.68,71.6,0x0,1431.339008
1169.0,prmvt_4view,72.52,71.6,0x0,1432.092672
1169.1,prmvt_5view,70.04,70.5,0x0,1432.354816
1169.2,prmvt_6view,77.81,72.15,0x0,1432.190976
1185.7,ocr_mode,16569.9,73.8,0x0,1438.1056
1185.8,emotion,46.55,72.7,0x0,1438.1056
1186.1,currency_mode_full,335.14,73.25,0x0,1436.30336
1186.6,taka_yolo_pt,459.23,74.9,0x0,1458.896896
1187.0,taka_yolo_onnx_fp32,447.53,76.0,0x0,1433.10848
1187.3,taka_yolo_onnx_int8,240.82,76.55,0x0,1438.02368
1187.6,watermark_int8_sift,327.4,71.6,0x0,1433.665536
1187.7,watermark_int8_localizer,51.37,72.7,0x0,1434.763264
1187.8,jaal_check_qduig,84.48,70.5,0x0,1435.123712
1187.8,prmvt_1view,34.29,72.7,0x0,1435.15648
1187.8,prmvt_2view,47.83,72.15,0x0,1435.172864
1187.9,prmvt_3view,60.57,72.7,0x0,1430.929408
1188.0,prmvt_4view,61.98,72.15,0x0,1431.617536
1188.0,prmvt_5view,70.21,72.15,0x0,1432.3712
1188.1,prmvt_6view,91.09,72.15,0x0,1429.372928
1204.9,ocr_mode,16707.26,74.9,0x0,1452.376064
1204.9,emotion,48.06,71.6,0x0,1452.376064
1205.2,currency_mode_full,310.58,73.8,0x0,1452.294144
1205.7,taka_yolo_pt,455.06,74.35,0x0,1458.880512
1206.1,taka_yolo_onnx_fp32,449.26,76.55,0x0,1433.092096
1206.4,taka_yolo_onnx_int8,233.49,76.55,0x0,1438.007296
1206.7,watermark_int8_sift,324.46,71.6,0x0,1433.649152
1206.7,watermark_int8_localizer,45.34,73.25,0x0,1434.74688
1206.8,jaal_check_qduig,69.4,73.25,0x0,1435.107328
1206.9,prmvt_1view,51.45,72.7,0x0,1435.107328
1206.9,prmvt_2view,52.81,72.15,0x0,1435.107328
1207.0,prmvt_3view,54.01,72.15,0x0,1435.32032
1207.0,prmvt_4view,64.06,72.15,0x0,1436.008448
1207.1,prmvt_5view,75.02,72.15,0x0,1432.092672
1207.2,prmvt_6view,77.17,72.7,0x0,1434.025984
1224.0,ocr_mode,16759.3,75.45,0x0,1447.985152
1224.0,emotion,46.39,74.9,0x0,1447.985152
1224.2,currency_mode_full,232.32,76.0,0x0,1453.080576
1224.7,taka_yolo_pt,455.89,75.45,0x0,1459.126272
1225.2,taka_yolo_onnx_fp32,449.01,76.0,0x0,1432.829952
1225.4,taka_yolo_onnx_int8,261.05,76.0,0x0,1437.745152
1226.2,watermark_int8_sift,814.1,71.05,0x0,1433.43616
1226.3,watermark_int8_localizer,57.49,71.6,0x0,1434.533888
1226.4,jaal_check_qduig,68.59,72.15,0x0,1434.943488
1226.4,prmvt_1view,32.85,72.15,0x0,1434.976256
1226.5,prmvt_2view,53.15,72.15,0x0,1430.585344
1226.5,prmvt_3view,56.69,71.6,0x0,1430.863872
1226.6,prmvt_4view,62.1,71.6,0x0,1431.584768
1226.7,prmvt_5view,73.14,71.05,0x0,1431.945216
1226.8,prmvt_6view,77.26,71.6,0x0,1433.698304
1243.3,ocr_mode,16505.33,74.35,0x0,1448.59136
1243.3,emotion,46.71,73.25,0x0,1448.59136
1243.5,currency_mode_full,229.85,76.0,0x0,1453.42464
1244.0,taka_yolo_pt,470.28,73.25,0x0,1459.372032
1244.5,taka_yolo_onnx_fp32,461.77,76.0,0x0,1433.075712
1244.7,taka_yolo_onnx_int8,234.69,76.55,0x0,1437.990912
1245.1,watermark_int8_sift,384.06,71.6,0x0,1433.632768
1245.2,watermark_int8_localizer,54.69,73.25,0x0,1434.730496
1245.2,jaal_check_qduig,75.49,72.7,0x0,1430.601728
1245.3,prmvt_1view,33.34,72.7,0x0,1430.601728
1245.3,prmvt_2view,48.1,72.15,0x0,1430.994944
1245.4,prmvt_3view,54.45,72.15,0x0,1431.257088
1245.5,prmvt_4view,63.39,72.7,0x0,1432.010752
1245.5,prmvt_5view,82.87,72.7,0x0,1432.272896
1245.6,prmvt_6view,79.57,72.7,0x0,1432.109056
1262.3,ocr_mode,16694.06,74.35,0x0,1454.915584
1262.4,emotion,47.22,72.7,0x0,1454.915584
1262.7,currency_mode_full,326.82,74.35,0x0,1452.064768
1263.2,taka_yolo_pt,450.06,75.45,0x0,1458.798592
1263.7,taka_yolo_onnx_fp32,470.26,76.0,0x0,1433.010176
1264.0,taka_yolo_onnx_int8,238.28,75.45,0x0,1437.925376
1264.3,watermark_int8_sift,317.67,71.05,0x0,1433.567232
1264.3,watermark_int8_localizer,47.33,73.25,0x0,1434.66496
1264.4,jaal_check_qduig,91.07,72.15,0x0,1435.025408
1264.5,prmvt_1view,33.98,72.15,0x0,1435.058176
1264.5,prmvt_2view,49.97,72.7,0x0,1435.025408
1264.6,prmvt_3view,54.15,72.15,0x0,1430.781952
1264.6,prmvt_4view,61.84,72.15,0x0,1431.47008
1264.7,prmvt_5view,77.86,72.15,0x0,1432.190976
1264.8,prmvt_6view,79.85,72.15,0x0,1433.92768
1281.4,ocr_mode,16571.6,74.9,0x0,1455.030272
1281.4,emotion,46.8,73.25,0x0,1455.030272
1281.8,currency_mode_full,350.28,73.8,0x0,1452.27776
1282.2,taka_yolo_pt,455.75,74.9,0x0,1458.765824
1282.7,taka_yolo_onnx_fp32,471.58,76.0,0x0,1432.977408
1283.0,taka_yolo_onnx_int8,244.52,74.9,0x0,1437.892608
1283.3,watermark_int8_sift,339.78,71.6,0x0,1433.534464
1283.4,watermark_int8_localizer,48.07,73.25,0x0,1434.632192
1283.5,jaal_check_qduig,93.69,72.15,0x0,1434.99264
1283.5,prmvt_1view,32.74,72.15,0x0,1435.025408
1283.5,prmvt_2view,50.49,71.6,0x0,1435.009024
1283.6,prmvt_3view,55.57,72.7,0x0,1435.2384
1283.7,prmvt_4view,61.95,72.7,0x0,1435.926528
1283.7,prmvt_5view,71.82,72.15,0x0,1432.010752
1283.8,prmvt_6view,76.97,72.15,0x0,1433.944064
1300.4,ocr_mode,16567.81,74.35,0x0,1455.161344
1300.4,emotion,47.11,74.9,0x0,1455.161344
1300.7,currency_mode_full,219.78,76.55,0x0,1450.983424
1301.1,taka_yolo_pt,455.83,75.45,0x0,1458.896896
1301.6,taka_yolo_onnx_fp32,456.65,76.55,0x0,1433.10848
1301.8,taka_yolo_onnx_int8,242.0,76.0,0x0,1438.02368
1302.6,watermark_int8_sift,817.54,69.95,0x0,1433.665536
1302.7,watermark_int8_localizer,54.26,73.25,0x0,1434.763264
1302.8,jaal_check_qduig,78.95,73.25,0x0,1435.123712
1302.8,prmvt_1view,35.45,71.6,0x0,1435.123712
1302.9,prmvt_2view,48.79,72.15,0x0,1430.716416
1302.9,prmvt_3view,54.74,72.15,0x0,1431.011328
1303.0,prmvt_4view,62.56,72.15,0x0,1431.732224
1303.1,prmvt_5view,69.62,71.6,0x0,1432.076288
1303.2,prmvt_6view,85.78,71.6,0x0,1433.829376
1319.6,ocr_mode,16477.28,74.35,0x0,1448.247296
1319.7,emotion,48.28,72.7,0x0,1448.247296
1319.9,currency_mode_full,241.07,75.45,0x0,1453.244416
1320.4,taka_yolo_pt,458.9,74.9,0x0,1459.470336
1320.9,taka_yolo_onnx_fp32,461.92,76.0,0x0,1433.174016
1321.1,taka_yolo_onnx_int8,244.69,76.0,0x0,1438.089216
1321.5,watermark_int8_sift,384.27,72.7,0x0,1433.731072
1321.6,watermark_int8_localizer,38.59,72.15,0x0,1434.8288
1321.7,jaal_check_qduig,73.21,72.15,0x0,1430.700032
1321.7,prmvt_1view,37.92,72.15,0x0,1430.7328
1321.8,prmvt_2view,53.41,72.15,0x0,1431.1424
1321.8,prmvt_3view,54.38,72.15,0x0,1431.404544
1321.9,prmvt_4view,61.62,72.15,0x0,1432.158208
1322.0,prmvt_5view,69.12,72.7,0x0,1432.420352
1322.0,prmvt_6view,76.56,72.15,0x0,1432.256512
1338.4,ocr_mode,16359.15,74.9,0x0,1452.621824
1338.4,emotion,46.86,76.0,0x0,1452.621824
1338.8,currency_mode_full,339.38,73.8,0x0,1453.277184
1339.2,taka_yolo_pt,461.48,74.35,0x0,1458.962432
1339.7,taka_yolo_onnx_fp32,452.22,76.55,0x0,1433.174016
1339.9,taka_yolo_onnx_int8,239.4,76.55,0x0,1438.089216
1340.3,watermark_int8_sift,316.27,71.6,0x0,1433.731072
1340.3,watermark_int8_localizer,51.89,72.7,0x0,1434.8288
1340.4,jaal_check_qduig,71.5,72.7,0x0,1435.189248
1340.4,prmvt_1view,35.46,72.7,0x0,1435.222016
1340.5,prmvt_2view,50.62,72.7,0x0,1435.2384
1340.6,prmvt_3view,59.45,72.7,0x0,1430.994944
1340.6,prmvt_4view,63.96,72.7,0x0,1431.683072
1340.7,prmvt_5view,93.46,72.15,0x0,1432.403968
1340.8,prmvt_6view,77.98,72.15,0x0,1434.140672
1357.6,ocr_mode,16779.25,75.45,0x0,1438.253056
1357.6,emotion,47.31,75.45,0x0,1438.253056
1358.0,currency_mode_full,342.35,73.8,0x0,1435.549696
1358.4,taka_yolo_pt,450.01,74.9,0x0,1461.960704
1358.9,taka_yolo_onnx_fp32,445.43,76.55,0x0,1434.222592
1359.1,taka_yolo_onnx_int8,261.8,74.9,0x0,1439.137792
1359.5,watermark_int8_sift,326.8,72.15,0x0,1434.779648
1359.5,watermark_int8_localizer,51.06,72.7,0x0,1435.877376
1359.6,jaal_check_qduig,84.44,72.15,0x0,1435.697152
1359.7,prmvt_1view,33.19,72.7,0x0,1435.72992
1359.7,prmvt_2view,47.7,72.15,0x0,1435.779072
1359.8,prmvt_3view,57.7,72.15,0x0,1436.008448
1359.8,prmvt_4view,62.94,72.15,0x0,1436.172288
1359.9,prmvt_5view,69.92,72.15,0x0,1432.158208
1360.0,prmvt_6view,77.4,71.6,0x0,1433.993216
1376.2,ocr_mode,16169.45,76.0,0x0,1435.615232
1376.2,emotion,46.47,74.9,0x0,1435.615232
1376.4,currency_mode_full,229.52,76.0,0x0,1431.601152
1376.9,taka_yolo_pt,462.98,75.45,0x0,1458.847744
1377.4,taka_yolo_onnx_fp32,441.82,76.0,0x0,1433.059328
1377.6,taka_yolo_onnx_int8,263.47,77.1,0x0,1437.974528
1378.4,watermark_int8_sift,819.19,71.05,0x0,1433.616384
1378.5,watermark_int8_localizer,54.17,72.15,0x0,1434.714112
1378.6,jaal_check_qduig,76.61,72.15,0x0,1435.07456
1378.6,prmvt_1view,32.61,72.15,0x0,1435.07456
1378.7,prmvt_2view,47.86,72.15,0x0,1430.667264
1378.7,prmvt_3view,58.96,70.5,0x0,1430.962176
1378.8,prmvt_4view,61.97,72.15,0x0,1431.683072
1378.9,prmvt_5view,70.97,72.15,0x0,1432.027136
1378.9,prmvt_6view,78.43,71.6,0x0,1434.075136
1395.5,ocr_mode,16600.6,75.45,0x0,1438.236672
1395.6,emotion,46.86,74.35,0x0,1438.236672
1395.8,currency_mode_full,237.9,76.55,0x0,1434.075136
1396.3,taka_yolo_pt,478.71,74.9,0x0,1458.9952
1396.8,taka_yolo_onnx_fp32,451.95,76.55,0x0,1433.206784
1397.0,taka_yolo_onnx_int8,234.43,76.55,0x0,1438.121984
1397.4,watermark_int8_sift,385.33,71.6,0x0,1433.76384
1397.5,watermark_int8_localizer,51.12,73.8,0x0,1434.861568
1397.5,jaal_check_qduig,66.1,72.15,0x0,1435.271168
1397.6,prmvt_1view,32.79,72.15,0x0,1435.271168
1397.6,prmvt_2view,48.7,72.7,0x0,1435.271168
1397.7,prmvt_3view,62.3,71.05,0x0,1435.451392
1397.7,prmvt_4view,61.98,72.15,0x0,1436.13952
1397.8,prmvt_5view,76.22,72.15,0x0,1432.158208
1397.9,prmvt_6view,91.25,70.5,0x0,1434.124288
1414.7,ocr_mode,16798.24,73.25,0x0,1438.253056
1414.8,emotion,53.05,73.25,0x0,1438.253056
1415.1,currency_mode_full,313.43,73.25,0x0,1435.385856
1415.5,taka_yolo_pt,453.29,74.35,0x0,1458.962432
1416.0,taka_yolo_onnx_fp32,468.58,76.0,0x0,1433.174016
1416.3,taka_yolo_onnx_int8,235.85,76.55,0x0,1438.089216
1416.6,watermark_int8_sift,318.49,71.6,0x0,1433.731072
1416.6,watermark_int8_localizer,53.25,73.8,0x0,1434.8288
1416.7,jaal_check_qduig,77.62,72.7,0x0,1435.2384
1416.8,prmvt_1view,80.24,72.7,0x0,1435.2384
1416.9,prmvt_2view,49.53,72.7,0x0,1435.2384
1416.9,prmvt_3view,54.41,72.7,0x0,1435.451392
1417.0,prmvt_4view,65.42,73.25,0x0,1436.073984
1417.0,prmvt_5view,69.06,72.7,0x0,1436.336128
1417.1,prmvt_6view,87.59,72.15,0x0,1432.20736
1434.3,ocr_mode,17107.23,76.0,0x0,1435.189248
1434.3,emotion,47.05,74.9,0x0,1435.189248
1434.7,currency_mode_full,347.29,73.8,0x0,1436.483584
1435.1,taka_yolo_pt,456.69,74.35,0x0,1458.962432
1435.6,taka_yolo_onnx_fp32,473.65,77.1,0x0,1433.174016
1435.8,taka_yolo_onnx_int8,238.43,76.55,0x0,1438.089216
1436.2,watermark_int8_sift,328.58,71.05,0x0,1433.731072
1436.2,watermark_int8_localizer,62.98,73.25,0x0,1434.8288
1436.3,jaal_check_qduig,108.73,72.15,0x0,1435.189248
1436.4,prmvt_1view,52.03,71.6,0x0,1435.222016
1436.5,prmvt_2view,68.79,72.15,0x0,1435.2384
1436.5,prmvt_3view,71.96,72.7,0x0,1429.897216
1436.6,prmvt_4view,92.31,71.05,0x0,1431.240704
1436.7,prmvt_5view,91.95,72.15,0x0,1432.158208
1436.9,prmvt_6view,122.75,72.15,0x0,1431.994368
1456.0,ocr_mode,19098.81,74.35,0x0,1434.288128
1456.0,emotion,46.96,73.25,0x0,1434.304512
1456.3,currency_mode_full,238.27,75.45,0x0,1438.957568
1456.7,taka_yolo_pt,473.75,76.55,0x0,1462.19008
1457.2,taka_yolo_onnx_fp32,485.69,76.0,0x0,1433.944064
1457.5,taka_yolo_onnx_int8,252.17,76.55,0x0,1438.859264
1458.3,watermark_int8_sift,822.86,71.6,0x0,1434.50112
1458.4,watermark_int8_localizer,41.81,72.7,0x0,1435.598848
1458.4,jaal_check_qduig,81.74,72.15,0x0,1431.126016
1458.5,prmvt_1view,34.04,71.05,0x0,1431.158784
1458.5,prmvt_2view,48.36,72.15,0x0,1431.584768
1458.6,prmvt_3view,54.61,71.6,0x0,1430.994944
1458.7,prmvt_4view,80.38,71.6,0x0,1428.586496
1458.7,prmvt_5view,77.19,72.15,0x0,1432.12544
1458.9,prmvt_6view,101.78,72.15,0x0,1433.878528
1480.4,ocr_mode,21560.88,72.15,0x0,1432.977408
1480.5,emotion,56.1,72.15,0x0,1432.977408
1481.2,currency_mode_full,677.43,73.25,0x0,1438.089216
1482.2,taka_yolo_pt,1063.32,73.25,0x0,1458.208768
1483.5,taka_yolo_onnx_fp32,1315.84,73.8,0x0,1432.551424
1484.0,taka_yolo_onnx_int8,493.53,74.9,0x0,1433.43616
1484.5,watermark_int8_sift,432.63,72.7,0x0,1429.078016
1484.6,watermark_int8_localizer,92.78,73.25,0x0,1430.175744
1484.8,jaal_check_qduig,180.24,71.6,0x0,1432.223744
1484.9,prmvt_1view,126.13,72.7,0x0,1432.256512
1485.1,prmvt_2view,218.17,72.7,0x0,1432.94464
1485.6,prmvt_3view,491.31,71.6,0x0,1431.781376
1485.9,prmvt_4view,272.05,72.15,0x0,1434.50112
1486.2,prmvt_5view,352.33,71.05,0x0,1431.355392
1486.8,prmvt_6view,507.87,71.6,0x0,1428.84864
1514.1,ocr_mode,27307.1,72.15,0x0,1447.69024
1514.1,emotion,49.25,71.05,0x0,1447.69024
1514.6,currency_mode_full,453.22,71.6,0x0,1452.048384
1515.1,taka_yolo_pt,476.03,73.8,0x0,1458.814976
1515.7,taka_yolo_onnx_fp32,693.83,75.45,0x0,1433.02656
1516.1,taka_yolo_onnx_int8,308.56,75.45,0x0,1437.94176
1516.4,watermark_int8_sift,331.94,70.5,0x0,1433.583616
1516.5,watermark_int8_localizer,56.54,73.25,0x0,1434.681344
1516.6,jaal_check_qduig,105.06,72.7,0x0,1435.041792
1516.6,prmvt_1view,41.23,72.15,0x0,1435.041792
1516.7,prmvt_2view,65.77,72.15,0x0,1435.090944
1516.8,prmvt_3view,83.84,71.6,0x0,1427.308544
1516.8,prmvt_4view,64.62,71.6,0x0,1431.322624
1516.9,prmvt_5view,85.34,72.15,0x0,1432.04352
1517.0,prmvt_6view,115.38,72.15,0x0,1431.945216
1538.5,ocr_mode,21404.42,72.7,0x0,1438.695424
1538.5,emotion,51.18,72.15,0x0,1438.695424
1539.0,currency_mode_full,495.38,73.8,0x0,1434.632192
1539.6,taka_yolo_pt,547.46,72.7,0x0,1453.58848
1540.4,taka_yolo_onnx_fp32,851.14,76.0,0x0,1437.270016
1540.7,taka_yolo_onnx_int8,272.67,74.9,0x0,1442.185216
1541.0,watermark_int8_sift,335.44,71.6,0x0,1437.827072
1541.1,watermark_int8_localizer,59.79,72.7,0x0,1438.9248
1541.2,jaal_check_qduig,75.3,71.6,0x0,1435.533312
1541.2,prmvt_1view,42.34,72.15,0x0,1435.582464
1541.3,prmvt_2view,48.74,72.15,0x0,1435.680768
1541.3,prmvt_3view,61.98,72.7,0x0,1435.72992
1541.4,prmvt_4view,67.46,73.25,0x0,1435.72992
1541.5,prmvt_5view,94.68,72.7,0x0,1431.502848
1541.6,prmvt_6view,82.31,72.7,0x0,1433.534464
1564.0,ocr_mode,22442.8,72.7,0x0,1426.604032
1564.1,emotion,48.5,73.25,0x0,1426.604032
1564.4,currency_mode_full,294.77,73.8,0x0,1431.928832
1564.9,taka_yolo_pt,553.55,73.8,0x0,1453.228032
1565.5,taka_yolo_onnx_fp32,537.94,74.9,0x0,1428.324352
1565.8,taka_yolo_onnx_int8,274.67,75.45,0x0,1433.27232
1566.6,watermark_int8_sift,871.03,71.05,0x0,1428.93056
1566.7,watermark_int8_localizer,63.19,71.6,0x0,1430.028288
1566.9,jaal_check_qduig,158.33,71.6,0x0,1430.142976
1566.9,prmvt_1view,54.78,71.05,0x0,1430.257664
1567.0,prmvt_2view,97.42,71.05,0x0,1430.618112
1567.1,prmvt_3view,63.97,71.05,0x0,1426.423808
1567.2,prmvt_4view,93.63,71.05,0x0,1426.505728
1567.3,prmvt_5view,88.97,71.05,0x0,1427.226624
1567.4,prmvt_6view,125.2,71.6,0x0,1429.0944
1586.9,ocr_mode,19534.87,74.9,0x0,1450.459136
1587.0,emotion,46.68,75.45,0x0,1450.459136
1587.2,currency_mode_full,248.93,75.45,0x0,1446.445056
1587.8,taka_yolo_pt,547.54,74.35,0x0,1448.50944
1588.3,taka_yolo_onnx_fp32,501.45,73.8,0x0,1430.011904
1588.6,taka_yolo_onnx_int8,295.35,76.0,0x0,1434.927104
1589.0,watermark_int8_sift,416.65,71.6,0x0,1430.56896
1589.1,watermark_int8_localizer,62.12,73.25,0x0,1431.666688
1589.2,jaal_check_qduig,77.2,73.25,0x0,1431.683072
1589.2,prmvt_1view,34.6,72.15,0x0,1431.683072
1589.3,prmvt_2view,63.26,72.7,0x0,1431.552
1589.3,prmvt_3view,66.0,72.15,0x0,1431.814144
1589.4,prmvt_4view,68.72,72.15,0x0,1431.9616
1589.5,prmvt_5view,83.05,72.15,0x0,1427.94752
1589.6,prmvt_6view,98.54,71.05,0x0,1427.095552
1608.6,ocr_mode,19023.61,73.25,0x0,1433.305088
1608.7,emotion,53.31,72.7,0x0,1433.305088
1609.1,currency_mode_full,415.3,73.25,0x0,1429.110784
1609.6,taka_yolo_pt,490.08,74.9,0x0,1453.91616
1610.1,taka_yolo_onnx_fp32,498.17,76.0,0x0,1428.324352
1610.4,taka_yolo_onnx_int8,257.13,76.0,0x0,1433.239552
1610.7,watermark_int8_sift,324.78,72.7,0x0,1428.881408
1610.7,watermark_int8_localizer,55.9,73.25,0x0,1429.979136
1610.8,jaal_check_qduig,85.12,72.7,0x0,1430.48704
1610.9,prmvt_1view,33.08,73.25,0x0,1430.519808
1610.9,prmvt_2view,49.76,72.15,0x0,1425.932288
1611.0,prmvt_3view,64.8,72.7,0x0,1426.358272
1611.1,prmvt_4view,76.75,72.7,0x0,1427.079168
1611.1,prmvt_5view,77.39,72.15,0x0,1427.423232
1611.2,prmvt_6view,88.09,72.15,0x0,1429.192704
1630.8,ocr_mode,19543.51,73.8,0x0,1429.83168
1630.8,emotion,47.1,72.15,0x0,1429.83168
1631.2,currency_mode_full,348.82,73.8,0x0,1431.584768
1631.7,taka_yolo_pt,476.04,75.45,0x0,1458.618368
1632.2,taka_yolo_onnx_fp32,510.46,76.55,0x0,1430.044672
1632.4,taka_yolo_onnx_int8,250.43,76.0,0x0,1434.959872
1632.8,watermark_int8_sift,336.78,72.7,0x0,1430.601728
1632.8,watermark_int8_localizer,53.87,73.8,0x0,1431.699456
1632.9,jaal_check_qduig,85.23,73.25,0x0,1427.390464
1633.0,prmvt_1view,34.73,73.25,0x0,1427.390464
1633.0,prmvt_2view,51.2,73.25,0x0,1427.685376
1633.1,prmvt_3view,66.15,71.6,0x0,1427.718144
1633.2,prmvt_4view,78.22,72.15,0x0,1427.750912
1633.3,prmvt_5view,100.9,72.15,0x0,1423.179776
1633.4,prmvt_6view,103.14,72.15,0x0,1426.604032
1652.4,ocr_mode,19022.42,74.9,0x0,1433.10848
1652.4,emotion,47.11,73.8,0x0,1433.10848
1652.7,currency_mode_full,236.6,76.0,0x0,1429.127168
1653.2,taka_yolo_pt,495.38,74.9,0x0,1458.552832
1653.8,taka_yolo_onnx_fp32,579.71,76.0,0x0,1429.979136
1654.1,taka_yolo_onnx_int8,295.33,76.0,0x0,1434.894336
1654.9,watermark_int8_sift,829.05,70.5,0x0,1430.585344
1655.0,watermark_int8_localizer,52.15,72.7,0x0,1431.683072
1655.0,jaal_check_qduig,81.7,72.15,0x0,1431.71584
1655.1,prmvt_1view,37.34,72.15,0x0,1431.71584
1655.1,prmvt_2view,57.97,72.7,0x0,1431.764992
1655.2,prmvt_3view,69.85,72.7,0x0,1431.814144
1655.3,prmvt_4view,69.21,72.15,0x0,1431.764992
1655.4,prmvt_5view,72.72,72.15,0x0,1427.587072
1655.4,prmvt_6view,82.18,72.15,0x0,1429.536768
1674.6,ocr_mode,19145.4,74.35,0x0,1431.191552
1674.6,emotion,46.79,74.9,0x0,1431.191552
1674.9,currency_mode_full,242.26,76.0,0x0,1427.177472
1675.4,taka_yolo_pt,509.98,74.35,0x0,1454.096384
1675.9,taka_yolo_onnx_fp32,483.52,75.45,0x0,1428.471808
1676.2,taka_yolo_onnx_int8,259.1,76.0,0x0,1433.387008
1676.6,watermark_int8_sift,388.44,70.5,0x0,1429.028864
1676.6,watermark_int8_localizer,51.76,73.25,0x0,1430.126592
1676.7,jaal_check_qduig,87.75,73.25,0x0,1430.536192
1676.7,prmvt_1view,34.67,72.15,0x0,1430.56896
1676.8,prmvt_2view,52.05,72.15,0x0,1426.210816
1676.9,prmvt_3view,67.04,71.6,0x0,1426.505728
1676.9,prmvt_4view,72.48,71.6,0x0,1427.226624
1677.0,prmvt_5view,86.21,72.15,0x0,1427.587072
1677.1,prmvt_6view,95.43,72.7,0x0,1429.34016
1695.9,ocr_mode,18793.95,74.35,0x0,1429.83168
1696.0,emotion,47.67,73.25,0x0,1429.83168
1696.3,currency_mode_full,344.64,73.8,0x0,1431.928832
1696.8,taka_yolo_pt,473.26,74.9,0x0,1454.505984
1697.3,taka_yolo_onnx_fp32,477.57,75.45,0x0,1428.717568
1697.5,taka_yolo_onnx_int8,244.23,76.55,0x0,1433.632768
1697.8,watermark_int8_sift,318.88,71.6,0x0,1429.274624
1697.9,watermark_int8_localizer,80.84,72.7,0x0,1430.372352
1698.0,jaal_check_qduig,93.73,72.15,0x0,1426.292736
1698.1,prmvt_1view,42.52,72.15,0x0,1426.325504
1698.1,prmvt_2view,52.58,72.15,0x0,1426.685952
1698.2,prmvt_3view,64.78,71.05,0x0,1426.948096
1698.3,prmvt_4view,63.18,72.7,0x0,1427.70176
1698.4,prmvt_5view,95.26,71.6,0x0,1427.996672
1698.5,prmvt_6view,114.59,72.15,0x0,1427.832832
1716.6,ocr_mode,18133.71,73.25,0x0,1433.829376
1716.7,emotion,47.69,73.8,0x0,1433.829376
1717.0,currency_mode_full,342.68,73.8,0x0,1431.437312
1717.5,taka_yolo_pt,464.08,73.8,0x0,1454.440448
1718.0,taka_yolo_onnx_fp32,491.15,76.55,0x0,1428.652032
1718.2,taka_yolo_onnx_int8,258.35,76.0,0x0,1433.567232
1718.6,watermark_int8_sift,328.69,71.05,0x0,1429.209088
1718.6,watermark_int8_localizer,57.02,73.25,0x0,1430.306816
1718.7,jaal_check_qduig,77.83,72.15,0x0,1430.667264
1718.8,prmvt_1view,40.6,72.7,0x0,1430.667264
1718.8,prmvt_2view,62.14,72.7,0x0,1430.716416
1718.9,prmvt_3view,65.79,72.15,0x0,1426.489344
1719.0,prmvt_4view,92.42,72.15,0x0,1427.177472
1719.1,prmvt_5view,85.53,72.7,0x0,1427.931136
1719.2,prmvt_6view,84.1,72.15,0x0,1429.66784
1737.2,ocr_mode,18039.89,73.8,0x0,1433.665536
1737.3,emotion,46.7,72.7,0x0,1433.665536
1737.5,currency_mode_full,233.57,75.45,0x0,1429.504
1738.0,taka_yolo_pt,486.98,73.8,0x0,1454.32576
1738.5,taka_yolo_onnx_fp32,487.11,76.0,0x0,1428.537344
1738.7,taka_yolo_onnx_int8,267.68,76.0,0x0,1433.452544
1739.6,watermark_int8_sift,837.83,72.15,0x0,1429.110784
1739.6,watermark_int8_localizer,51.12,72.7,0x0,1430.208512
1739.7,jaal_check_qduig,91.24,72.15,0x0,1430.618112
1739.8,prmvt_1view,50.19,71.05,0x0,1430.65088
1739.9,prmvt_2view,60.58,72.15,0x0,1430.7328
1739.9,prmvt_3view,54.74,71.6,0x0,1430.994944
1740.0,prmvt_4view,90.29,72.15,0x0,1431.71584
1740.1,prmvt_5view,77.04,72.15,0x0,1427.94752
1740.2,prmvt_6view,85.45,71.6,0x0,1427.8656
1758.5,ocr_mode,18307.36,73.8,0x0,1431.273472
1758.5,emotion,48.22,72.15,0x0,1431.273472
1758.8,currency_mode_full,269.51,74.9,0x0,1427.259392
1759.3,taka_yolo_pt,486.87,74.9,0x0,1454.4896
1759.8,taka_yolo_onnx_fp32,485.53,76.0,0x0,1428.701184
1760.1,taka_yolo_onnx_int8,271.65,75.45,0x0,1433.616384
1760.5,watermark_int8_sift,398.11,72.7,0x0,1429.25824
1760.5,watermark_int8_localizer,48.45,73.25,0x0,1430.355968
1760.6,jaal_check_qduig,77.43,72.7,0x0,1430.634496
1760.6,prmvt_1view,36.53,72.7,0x0,1430.634496
1760.7,prmvt_2view,58.8,72.15,0x0,1430.634496
1760.8,prmvt_3view,55.1,72.15,0x0,1426.456576
1760.8,prmvt_4view,81.16,72.7,0x0,1427.177472
1760.9,prmvt_5view,71.88,72.15,0x0,1427.898368
1761.0,prmvt_6view,99.06,72.7,0x0,1429.569536
1779.2,ocr_mode,18086.74,74.35,0x0,1433.616384
1779.3,emotion,46.91,73.8,0x0,1433.616384
1779.6,currency_mode_full,341.48,74.35,0x0,1430.470656
1780.1,taka_yolo_pt,486.19,74.9,0x0,1454.505984
1780.6,taka_yolo_onnx_fp32,508.4,76.0,0x0,1428.553728
1780.9,taka_yolo_onnx_int8,266.35,76.0,0x0,1433.468928
1781.2,watermark_int8_sift,318.29,71.6,0x0,1429.110784
1781.3,watermark_int8_localizer,55.44,73.25,0x0,1430.208512
1781.3,jaal_check_qduig,76.46,72.7,0x0,1430.618112
1781.4,prmvt_1view,35.12,72.15,0x0,1430.65088
1781.4,prmvt_2view,53.48,72.15,0x0,1430.618112
1781.5,prmvt_3view,62.51,72.7,0x0,1430.831104
1781.6,prmvt_4view,70.64,72.7,0x0,1431.519232
1781.6,prmvt_5view,71.43,72.15,0x0,1427.750912
1781.7,prmvt_6view,92.31,73.25,0x0,1427.472384
1800.0,ocr_mode,18278.07,73.8,0x0,1449.787392
